<application>
  <component name="Trusted.Paths">
    <option name="TRUSTED_PROJECT_PATHS">
      <map>
        <entry key="C:\Users\vaibh\AndroidStudioProjects\CheckBoxWid" value="true" />
        <entry key="C:\Users\vaibh\AndroidStudioProjects\CurrencyConverter" value="true" />
        <entry key="C:\Users\vaibh\AndroidStudioProjects\FirstLook" value="true" />
        <entry key="C:\Users\vaibh\AndroidStudioProjects\Temp Convert" value="true" />
        <entry key="C:\Users\vaibh\AndroidStudioProjects\UnitConverter" value="true" />
        <entry key="C:\Users\vaibh\AndroidStudioProjects\Widgets" value="true" />
      </map>
    </option>
  </component>
</application>