<application>
  <component name="DimensionService">
    <location key="WELCOME_SCREEN.0.0.1920.1080@120dpi" x="960" y="375" />
  </component>
  <component name="WindowManager">
    <frame x="-9" y="-9" width="1938" height="1038" extendedState="6" />
  </component>
  <component name="WindowStateApplicationService">
    <state x="549" y="127" key="FileChooserDialogImpl" timestamp="1736193761380">
      <screen x="0" y="0" width="1536" height="816" />
    </state>
    <state x="549" y="127" key="FileChooserDialogImpl/0.0.1536.816" timestamp="1736193761380" />
    <state x="768" y="380" width="800" height="650" key="WELCOME_SCREEN" timestamp="1736275659067">
      <screen x="0" y="0" width="1536" height="816" />
    </state>
    <state x="768" y="380" width="800" height="650" key="WELCOME_SCREEN/0.0.1536.816" timestamp="1736275659067" />
  </component>
</application>